{
    "sensor_xpos": [
        0.5,
        0.3535533905932738,
        3.061616997868383e-17,
        -0.35355339059327373,
        -0.5,
        -0.35355339059327384,
        -9.184850993605148e-17,
        0.3535533905932737
    ],
    "sensor_ypos": [
        0.0,
        0.3535533905932738,
        0.5,
        0.3535533905932738,
        6.123233995736766e-17,
        -0.35355339059327373,
        -0.5,
        -0.35355339059327384
    ],
    "samplerate_hz": 200,
    "duration_sec": 1,
    "n_sensors": 8
}